{"cameraMode":{"drawMode":0,"name":"Shaded","section":"Shading Mode"},"sceneLighting":true,"audioPlay":false,"sceneViewState":{"m_AlwaysRefresh":false,"showFog":true,"showSkybox":true,"showFlares":true,"showImageEffects":true,"showParticleSystems":true,"showVisualEffectGraphs":true,"m_FxEnabled":true},"in2DMode":false,"pivot":{"x":15.023151397705079,"y":-23.378652572631837,"z":25.870107650756837},"rotation":{"x":-0.01876969449222088,"y":0.23832091689109803,"z":0.005336968693882227,"w":0.9711995124816895},"size":11.350173950195313,"orthographic":false}