{"cameraMode":{"drawMode":0,"name":"Shaded","section":"Shading Mode"},"sceneLighting":false,"audioPlay":false,"sceneViewState":{"m_AlwaysRefresh":false,"showFog":true,"showSkybox":false,"showFlares":true,"showImageEffects":true,"showParticleSystems":true,"showVisualEffectGraphs":true,"m_FxEnabled":true},"in2DMode":false,"pivot":{"x":0.3889887034893036,"y":-0.17710290849208833,"z":2.2441112995147707},"rotation":{"x":-0.17649370431900025,"y":0.6972432136535645,"z":-0.18346983194351197,"w":-0.6701552867889404},"size":2.7690634727478029,"orthographic":false}